Metric,Bias Before Imputation,Bias After Imputation,MSE Before Imputation,MSE After Imputation
Mean,-0.4511510634552775,-0.059522968085482526,0.27716207257988573,0.020054245146740337
SD,-0.4263810648807479,0.003881737137786001,0.27386025809035947,0.05075160543763262
CV,-0.053195968208382204,0.0016026343429728764,0.003936718873862799,0.0006683589709746814
