Metric,Bias Before Imputation,Bias After Imputation,MSE Before Imputation,MSE After Imputation
Mean,-0.6115903420361181,-0.1302313333717575,0.5087394208106595,0.045855331620297916
SD,-0.5274140249687791,-0.1379417144049009,0.4123393682199488,0.062474234369606564
CV,-0.06551617046822701,-0.01720669745071388,0.005871870911644593,0.0010115508943368396
