Metric,Bias Before Imputation,Bias After Imputation,MSE Before Imputation,MSE After Imputation
Mean,-0.6099513332773496,-0.13816788026925106,0.5067594756098611,0.07610303560117508
SD,-0.5301923417912165,-0.01267442639955555,0.41958990106967164,0.05992351292042475
CV,-0.06583583237501268,0.0026284359509612266,0.005946858942459209,0.0010492519127534427
