Metric,Bias Before Imputation,Bias After Imputation,MSE Before Imputation,MSE After Imputation
Mean,-0.2618660535570297,-0.010951836081514819,0.0916424750353899,0.0015816795490338072
SD,-0.27210435384322246,-0.01140167789079606,0.10580966997546151,0.013550896672721439
CV,-3.426641547221803,-0.22163759872710956,0.1556680260256826,0.024133440498731992
