Metric,Bias Before Imputation,Bias After Imputation,MSE Before Imputation,MSE After Imputation,R-squared Before Imputation,R-squared After Imputation
Mean,-0.6115903420361181,-0.1302313333717575,0.5087394208106595,0.045855331620297916,0.699036755375222,0.9798356608975157
SD,-0.5274140249687791,-0.1379417144049009,0.4123393682199488,0.062474234369606564,-0.7551021589917921,0.8687814735930182
CV,-6.5516170468227015,-1.720669745071388,0.5871870911644592,0.10115508943368395,-1.1234699507903474,0.7625036146568528
