Metric,Bias Before Imputation,Bias After Imputation,MSE Before Imputation,MSE After Imputation
Mean,-0.6115903420361181,-0.6343202534986909,0.5087394208106595,0.7493602097450694
SD,-0.5274140249687791,0.27843490843553464,0.4123393682199488,0.17713145655180454
CV,-6.5516170468227015,7.202329114049946,0.5871870911644592,0.8860351427037637
