Metric,Bias Before Imputation,Bias After Imputation,MSE Before Imputation,MSE After Imputation
Mean,-0.2618660535570297,-0.009616002756493991,0.0916424750353899,0.0017025850203808532
SD,-0.27210435384322246,-0.0003898520454858036,0.10580966997546151,0.011227488351927687
CV,-3.426641547221803,-0.032200934308701835,0.1556680260256826,0.019698442497685265
