Metric,Bias Before Imputation,Bias After Imputation,MSE Before Imputation,MSE After Imputation
Mean,-0.4540856267309649,-0.0686939056596393,0.2812558941571418,0.013997716035083664
SD,-0.42617147327258487,-0.08922230892588161,0.27186397057010153,0.03605809214573877
CV,-0.0532612766972167,-0.011490733069106626,0.003946122612349999,0.0005637987528666358
