Metric,Bias Before Imputation,Bias After Imputation,MSE Before Imputation,MSE After Imputation
Mean,-0.6115903420361181,-0.1609696817349825,0.5087394208106595,0.09951505923608905
SD,-0.5274140249687791,-0.004854460508530661,0.4123393682199488,0.0384892949201459
CV,-6.5516170468227015,0.41383730534443575,0.5871870911644592,0.062230870317006644
