Metric,Bias Before Imputation,Bias After Imputation,MSE Before Imputation,MSE After Imputation
Mean,-0.14519736219783314,-0.021033759985931846,0.0277529867740088,0.0016876625594585968
SD,-0.1626383440935533,-0.01708250434781311,0.03642593729222844,0.001497127416007105
CV,-2.0669689773327673,-0.19869850421315619,0.05433102136188691,0.0030738514647984383
