Metric,Bias Before Imputation,Bias After Imputation,MSE Before Imputation,MSE After Imputation
Mean,-0.4540856267309649,-0.31170824815947323,0.2812558941571418,0.22392648505005272
SD,-0.42617147327258487,0.07567956575671132,0.27186397057010153,0.04868537669742944
CV,-5.32612766972167,2.2700041160410174,0.3946122612349999,0.15434105571801082
