Metric,Bias Before Imputation,Bias After Imputation,MSE Before Imputation,MSE After Imputation
Mean,-0.14519736219783314,-0.006844238230485419,0.0277529867740088,0.00017285588635017042
SD,-0.1626383440935533,-0.010972072431170278,0.03642593729222844,0.0008113794895655484
CV,-2.0669689773327673,-0.1403336945647246,0.05433102136188691,0.001755515055851215
