Metric,Bias Before Imputation,Bias After Imputation,MSE Before Imputation,MSE After Imputation
Mean,-0.6099513332773496,-0.6352198436976896,0.5067594756098611,0.7571817862322945
SD,-0.5301923417912165,0.27592008086719794,0.41958990106967164,0.18135779205866712
CV,-0.06583583237501268,0.07194827666501465,0.005946858942459209,0.008684235247064648
