Metric,Bias Before Imputation,Bias After Imputation,MSE Before Imputation,MSE After Imputation,R-squared Before Imputation,R-squared After Imputation
Mean,-0.2618660535570297,-0.010951836081514819,0.0916424750353899,0.0015816795490338072,0.9573735032660535,0.9993628340518447
SD,-0.27210435384322246,-0.01140167789079606,0.10580966997546151,0.013550896672721439,0.7340174482081535,0.9774080703183026
CV,-3.426641547221803,-0.22163759872710956,0.1556680260256826,0.024133440498731992,0.5800135052061536,0.9563973498581658
