Metric,Bias Before Imputation,Bias After Imputation,MSE Before Imputation,MSE After Imputation
Mean,-0.14519736219783314,-0.007758322243372987,0.0277529867740088,0.00010354510115009894
SD,-0.1626383440935533,-0.01608182930605468,0.03642593729222844,0.0005080481351937111
CV,-2.0669689773327673,-0.22147337020618418,0.05433102136188691,0.0009914229244421837
