Metric,Bias Before Imputation,Bias After Imputation,MSE Before Imputation,MSE After Imputation
Mean,-0.4511510634552775,-0.0690278855816851,0.27716207257988573,0.013339837181837606
SD,-0.4263810648807479,-0.09395780866824867,0.27386025809035947,0.03743971187717087
CV,-0.053195968208382204,-0.012557185643619509,0.003936718873862799,0.0006089749323964664
