Metric,Bias Before Imputation,Bias After Imputation,MSE Before Imputation,MSE After Imputation,R-squared Before Imputation,R-squared After Imputation
Mean,-0.4540856267309649,-0.0686939056596393,0.2812558941571418,0.013997716035083664,0.8510248928370364,0.9940715819337266
SD,-0.42617147327258487,-0.08922230892588161,0.27186397057010153,0.03605809214573877,0.0821463256029008,0.9315817526537922
CV,-5.32612766972167,-1.1490733069106627,0.3946122612349999,0.05637987528666358,-0.3088687971127728,0.8872872566021184
