Metric,Bias Before Imputation,Bias After Imputation,MSE Before Imputation,MSE After Imputation
Mean,-0.6099513332773496,-0.11594381985755263,0.5067594756098611,0.03722170150182679
SD,-0.5301923417912165,-0.09791951142841665,0.41958990106967164,0.058716240915695966
CV,-0.06583583237501268,-0.011427184115549938,0.005946858942459209,0.0010071030085344668
