Metric,Bias Before Imputation,Bias After Imputation,MSE Before Imputation,MSE After Imputation
Mean,-0.2618660535570297,-0.10073985839611575,0.0916424750353899,0.02337201704478391
SD,-0.27210435384322246,-0.03893666196613675,0.10580966997546151,0.011986487943773529
CV,-3.426641547221803,-0.17233442590648243,0.1556680260256826,0.017484888869960354
