Metric,Bias Before Imputation,Bias After Imputation,MSE Before Imputation,MSE After Imputation
Mean,-0.4540856267309649,-0.0829372195482752,0.2812558941571418,0.031158306135007214
SD,-0.42617147327258487,-0.04783047642577495,0.27186397057010153,0.029101669696998397
CV,-0.0532612766972167,-0.003945084878719785,0.003946122612349999,0.0004152463080604203
