Metric,Bias Before Imputation,Bias After Imputation,MSE Before Imputation,MSE After Imputation
Mean,-0.6115903420361181,-0.1302313333717575,0.5087394208106595,0.045855331620297916
SD,-0.5274140249687791,-0.1379417144049009,0.4123393682199488,0.062474234369606564
CV,-6.5516170468227015,-1.720669745071388,0.5871870911644592,0.10115508943368395
