Metric,Bias Before Imputation,Bias After Imputation,MSE Before Imputation,MSE After Imputation
Mean,-0.4511510634552775,-0.3154494170927598,0.27716207257988573,0.2572941133012535
SD,-0.4263810648807479,0.07454869390991635,0.27386025809035947,0.043318302684547
CV,-0.053195968208382204,0.02245163995273955,0.003936718873862799,0.001499909938636458
