Metric,Bias Before Imputation,Bias After Imputation,MSE Before Imputation,MSE After Imputation
Mean,-0.7877226933568112,-0.3370720482370004,0.6959938008298787,0.22423770507827925
SD,-0.6152950718143063,-0.06831677245250029,0.47189303682379463,0.1111894096701578
CV,-4.656602048549713,0.0005100796618500779,0.3188059745773457,0.09069171372703591
