Metric,Bias Before Imputation,Bias After Imputation,MSE Before Imputation,MSE After Imputation
Mean,-0.8046710238258492,-0.29642531109594367,0.7246961964668481,0.19037044667752087
SD,-0.6133987275943606,-0.062107154228600706,0.46332053584866706,0.09534702836875947
CV,-0.04561411049125056,9.575798291011895e-05,0.0030169363909971917,0.0007811379356544546
