Metric,Bias Before Imputation,Bias After Imputation,MSE Before Imputation,MSE After Imputation
Mean,-0.8046710238258492,-0.1235015644028292,0.7246961964668479,0.04358533389296024
SD,-0.6133987275943608,-0.12107964249572176,0.46332053584866695,0.07102153137020022
CV,-0.04561411049125056,-0.009192759166513555,0.0030169363909971917,0.0005053989178447668
