Metric,Bias Before Imputation,Bias After Imputation,MSE Before Imputation,MSE After Imputation
Mean,-1.1508618911692776,-2.0794310621401633,1.4860560658444606,5.041757687055385
SD,-0.8141829027617113,1.0584134746299756,0.7908272768211748,1.8608872207510698
CV,-0.05998501066690011,0.1818978814521706,0.004951289803952989,0.03839318506670354
