Metric,Bias Before Imputation,Bias After Imputation,MSE Before Imputation,MSE After Imputation
Mean,-1.1508618911692776,-0.32714728034120744,1.4860560658444604,0.22947176869927202
SD,-0.8141829027617113,-0.20647609671121842,0.7908272768211748,0.16221306390643767
CV,-0.0599850106669001,-0.014102473163483505,0.004951289803952989,0.0011699069994056276
