Metric,Bias Before Imputation,Bias After Imputation,MSE Before Imputation,MSE After Imputation
Mean,-0.8046047217736216,-1.0909679357770723,0.7246044070965569,1.510442971555515
SD,-0.6136670125319916,0.5194711956787439,0.4638280446716606,0.6571155631853962
CV,-0.045635606286232824,0.08095376114881117,0.003019875473681876,0.009283018463686734
