Metric,Bias Before Imputation,Bias After Imputation,MSE Before Imputation,MSE After Imputation
Mean,-0.22784467218323795,-0.011662713669036182,0.05922445341074733,0.0004255125310507933
SD,-0.21264171806739895,-0.024161744578711626,0.06071915148066646,0.002310907767464364
CV,-1.6168346620050684,-0.20703861140276644,0.040492921036854646,0.0018188366437124075
