Metric,Bias Before Imputation,Bias After Imputation,MSE Before Imputation,MSE After Imputation
Mean,-0.8046710238258492,-1.09051061124192,0.7246961964668479,1.5105544866677363
SD,-0.6133987275943606,0.5181860210017208,0.46332053584866706,0.6554125620247111
CV,-0.04561411049125056,0.08085503615578757,0.0030169363909971917,0.009280356217931393
