Metric,Bias Before Imputation,Bias After Imputation,MSE Before Imputation,MSE After Imputation
Mean,-1.1240201712466797,-2.1530617231927898,1.4214044284718728,5.3684841617845125
SD,-0.8125815130589801,1.167094578060316,0.7938606390988057,2.146309922277845
CV,-6.085329916509162,19.385402808842375,0.5112376504334767,4.232483984471566
