Metric,Bias Before Imputation,Bias After Imputation,MSE Before Imputation,MSE After Imputation
Mean,-0.7877226933568111,-0.13937689758222083,0.6959938008298787,0.05027183642085665
SD,-0.6152950718143063,-0.1391719400449982,0.47189303682379463,0.07986586431185472
CV,-4.656602048549712,-1.0731706342849407,0.31880597457734566,0.05645275297410385
