Metric,Bias Before Imputation,Bias After Imputation,MSE Before Imputation,MSE After Imputation
Mean,-1.1508618911692776,-0.8201809965947818,1.4860560658444606,1.1185769550446252
SD,-0.8141829027617113,0.0862194283054356,0.7908272768211749,0.2161611390386634
CV,-0.05998501066690011,0.029485484354670893,0.004951289803952989,0.003230098063528793
