Metric,Bias Before Imputation,Bias After Imputation,MSE Before Imputation,MSE After Imputation
Mean,-1.1516947838187261,-0.8213097926107825,1.4883467870213964,1.120702059283069
SD,-0.8151665299110936,0.08343133930594465,0.7930220871688305,0.2155688690057711
CV,-0.06006010642848232,0.029236213003377642,0.004963869013802848,0.0032236747415073414
