Metric,Bias Before Imputation,Bias After Imputation,MSE Before Imputation,MSE After Imputation
Mean,-0.8046047217736216,-0.12516786871538924,0.7246044070965567,0.04475318833545746
SD,-0.6136670125319916,-0.12118304991468663,0.46382804467166056,0.07196424573826701
CV,-0.045635606286232824,-0.009175444037745933,0.003019875473681875,0.0005139132014547299
