Metric,Bias Before Imputation,Bias After Imputation,MSE Before Imputation,MSE After Imputation
Mean,-1.1240201712466797,-0.36199102135287525,1.4214044284718728,0.2660870136481596
SD,-0.8125815130589799,-0.22579814587833005,0.7938606390988056,0.1811917138183331
CV,-6.085329916509162,-1.5430997544126748,0.5112376504334768,0.12876993902730288
