Metric,Bias Before Imputation,Bias After Imputation,MSE Before Imputation,MSE After Imputation
Mean,-0.4270451283838753,-0.025904791084006562,0.20723039200085627,0.004559408826596814
SD,-0.36975290998204985,-0.03977218037417215,0.18170738821141402,0.014843558978309771
CV,-2.811788813940488,-0.3253516007208955,0.12249194024608874,0.01042276498637692
