Metric,Bias Before Imputation,Bias After Imputation,MSE Before Imputation,MSE After Imputation
Mean,-1.1516947838187261,-0.328086025777824,1.4883467870213964,0.23031608613302193
SD,-0.8151665299110936,-0.20810204507161367,0.7930220871688305,0.16221328053486123
CV,-0.06006010642848232,-0.014249986406233138,0.004963869013802849,0.0011700477729255307
