Metric,Bias Before Imputation,Bias After Imputation,MSE Before Imputation,MSE After Imputation
Mean,-1.013910015463809,-0.42570541523832856,1.0408291550738895,0.19318816362042698
SD,-0.7734476621744434,-0.31179286176674925,0.6234283711125386,0.10634756587338845
CV,-5.405812644431132,-1.9966264348762295,0.316109045898213,0.0508963050697199
