Metric,Bias Before Imputation,Bias After Imputation,MSE Before Imputation,MSE After Imputation
Mean,-1.4430079047512392,-1.7842323224539929,2.1121127470127266,3.276367846666424
SD,-1.0375670704500046,0.11955691419940724,1.1312035481376725,0.1054497763259592
CV,-0.07171826233291881,0.10618890504832428,0.005659926276686749,0.01243299759458493
