Metric,Bias Before Imputation,Bias After Imputation,MSE Before Imputation,MSE After Imputation
Mean,-1.4281205923372777,-0.9527118091897635,2.064289603310989,0.956086537013111
SD,-1.0068224707158977,-0.33744669478913725,1.058148824599858,0.14682736787958153
CV,-0.06920740624078614,-0.0011546495598437994,0.005253326923669383,0.00046637300809688966
