Metric,Bias Before Imputation,Bias After Imputation,MSE Before Imputation,MSE After Imputation
Mean,-1.4430079047512392,-0.4920216114765712,2.1121127470127266,0.25847019438608326
SD,-1.0375670704500046,-0.4173897600856484,1.1312035481376725,0.18200715389547054
CV,-0.07171826233291881,-0.029401988483212644,0.005659926276686749,0.000975257864068495
