Metric,Bias Before Imputation,Bias After Imputation,MSE Before Imputation,MSE After Imputation
Mean,-1.013910015463809,-0.42570541523832856,1.0408291550738895,0.19318816362042698
SD,-0.7734476621744434,-0.31179286176674925,0.6234283711125386,0.10634756587338845
CV,-0.054058126444311315,-0.019966264348762294,0.0031610904589821297,0.000508963050697199
