Metric,Bias Before Imputation,Bias After Imputation,MSE Before Imputation,MSE After Imputation
Mean,-1.0293740777563016,-1.0145547735663945,1.0760703463742212,1.0708440653695306
SD,-0.8031234983698458,-0.0873443395644055,0.6767099252814756,0.04275539749028557
CV,-0.05639240504281564,0.03419792245891812,0.003438465726317834,0.00151811192969548
