Metric,Bias Before Imputation,Bias After Imputation,MSE Before Imputation,MSE After Imputation
Mean,-1.0293740777563016,-0.22237067710285396,1.0760703463742212,0.05678678561332778
SD,-0.8031234983698458,-0.25160169632231527,0.6767099252814756,0.07052701197044174
CV,-0.05639240504281564,-0.020276775494414603,0.003438465726317834,0.0004780633626498287
