Metric,Bias Before Imputation,Bias After Imputation,MSE Before Imputation,MSE After Imputation
Mean,-1.4430079047512392,-0.9749119194580156,2.1121127470127266,1.0063286594196694
SD,-1.0375670704500046,-0.3678780009455929,1.1312035481376725,0.17473028994869666
CV,-0.07171826233291881,-0.0035286927636257507,0.005659926276686749,0.0005320988628519056
