Metric,Bias Before Imputation,Bias After Imputation,MSE Before Imputation,MSE After Imputation
Mean,-1.4281205923372777,-1.7534213832054661,2.064289603310989,3.1510130365290028
SD,-1.0068224707158977,0.15628257899305745,1.058148824599858,0.11308218193880838
CV,-0.06920740624078614,0.10885219123564753,0.005253326923669383,0.012980745191798126
