Metric,Bias Before Imputation,Bias After Imputation,MSE Before Imputation,MSE After Imputation
Mean,-1.013910015463809,-0.21090581985335977,1.0408291550738895,0.04782875146015194
SD,-0.7734476621744434,-0.24235084923695124,0.6234283711125386,0.06542394062158774
CV,-0.054058126444311315,-0.01996495799452151,0.0031610904589821297,0.0004748609252152886
