Metric,Bias Before Imputation,Bias After Imputation,MSE Before Imputation,MSE After Imputation
Mean,-0.6743079373742266,-0.34212413870280933,0.5079970450487401,0.1437853715985357
SD,-0.7550327787447043,-0.2041341978872603,0.7617368813951685,0.15774537427210839
CV,-0.10392405483425712,-0.01637993573269375,0.014077917661882438,0.003272685713267704
