Metric,Bias Before Imputation,Bias After Imputation,MSE Before Imputation,MSE After Imputation
Mean,-0.5300840502100485,-0.41830946230540944,0.3220022355314602,0.2225181946621862
SD,-0.6479829981310682,-0.009097635634107527,0.563726723400783,0.021602895715014198
CV,-0.08872035990911166,0.0176634115929723,0.010167365090637792,0.0009436457606527381
