Metric,Bias Before Imputation,Bias After Imputation,MSE Before Imputation,MSE After Imputation
Mean,-0.6866551377675678,-0.6722979693189222,0.5229842225144637,0.568063332869417
SD,-0.7784536563589441,-0.008602903503252612,0.7946242834978247,0.07401781806711585
CV,-0.10817690467557886,0.03005948287943594,0.014961537111573591,0.0024261951840023723
