Metric,Bias Before Imputation,Bias After Imputation,MSE Before Imputation,MSE After Imputation
Mean,-0.5300840502100485,-0.1650995281978828,0.3220022355314602,0.03255963150619149
SD,-0.6479829981310682,-0.2525133069101809,0.563726723400783,0.08542591041605299
CV,-0.08872035990911166,-0.03411940656910571,0.010167365090637792,0.00152950678023241
