Metric,Bias Before Imputation,Bias After Imputation,MSE Before Imputation,MSE After Imputation
Mean,-0.5300840502100485,-0.17262957133558351,0.3220022355314602,0.03827753428998399
SD,-0.6479829981310682,-0.1485599406190875,0.563726723400783,0.030560467065950486
CV,-0.08872035990911166,-0.01702591655625487,0.010167365090637792,0.0005524266452537152
