Metric,Bias Before Imputation,Bias After Imputation,MSE Before Imputation,MSE After Imputation
Mean,-0.6743079373742266,-0.6698824671919106,0.5079970450487401,0.5483440926298697
SD,-0.7550327787447043,0.05476505487857695,0.7617368813951685,0.12039436082882007
CV,-0.10392405483425712,0.04107477742977125,0.014077917661882438,0.004399324725910228
