Metric,Bias Before Imputation,Bias After Imputation,MSE Before Imputation,MSE After Imputation
Mean,-0.6743079373742266,-0.3081911753768761,0.5079970450487401,0.11693870321129393
SD,-0.7550327787447043,-0.3187622738690851,0.7617368813951685,0.20664970261694499
CV,-0.10392405483425712,-0.037600334746433775,0.014077917661882438,0.0035478764958308214
