Metric,Bias Before Imputation,Bias After Imputation,MSE Before Imputation,MSE After Imputation
Mean,-0.5437713387647085,-0.15975003055649709,0.33588087355204393,0.03128834203058175
SD,-0.6732374783566024,-0.20388444533995514,0.5940702739765545,0.052261310406995706
CV,-0.09323547169981601,-0.027554828519292984,0.010969506627270443,0.0009326995668426322
