Metric,Bias Before Imputation,Bias After Imputation,MSE Before Imputation,MSE After Imputation
Mean,-0.5437713387647085,-0.1317798814119316,0.33588087355204393,0.02153643347618279
SD,-0.6732374783566024,-0.2032340385792683,0.5940702739765545,0.0741027818307603
CV,-0.09323547169981601,-0.02656201781739862,0.010969506627270443,0.0012998424525211146
