Metric,Bias Before Imputation,Bias After Imputation,MSE Before Imputation,MSE After Imputation
Mean,-0.5437713387647085,-0.39632340339439853,0.33588087355204393,0.18609342994212708
SD,-0.6732374783566024,-0.030864349901515764,0.5940702739765545,0.03166159682011584
CV,-0.09323547169981601,0.013289958020875837,0.010969506627270443,0.0006981693868572976
