Metric,Bias Before Imputation,Bias After Imputation,MSE Before Imputation,MSE After Imputation
Mean,-1.2619764541419043,-0.4270171419772821,1.765293932402912,0.28717498657869894
SD,-0.9735657743961199,-0.31533265216044165,1.0227335492375762,0.16022960339977604
CV,-0.08038458847264109,-0.023386492391078154,0.00719524350217461,0.0014070478799773905
