Metric,Bias Before Imputation,Bias After Imputation,MSE Before Imputation,MSE After Imputation
Mean,-0.9089986116926833,-0.1938277253816948,0.9247452459552506,0.05742149053494807
SD,-0.7575933593957856,-0.202482127105077,0.6191815239715893,0.06814765827503763
CV,-0.06304107483681913,-0.017699621424420612,0.004431039282156755,0.0006626879195374942
