Metric,Bias Before Imputation,Bias After Imputation,MSE Before Imputation,MSE After Imputation
Mean,-0.9089986116926833,-0.44428542676729804,0.9247452459552506,0.271800963763523
SD,-0.7575933593957856,-0.25908274624457434,0.6191815239715893,0.09826555275676034
CV,-0.06304107483681913,-0.014391542149474263,0.004431039282156755,0.0006630516199141902
