Metric,Bias Before Imputation,Bias After Imputation,MSE Before Imputation,MSE After Imputation
Mean,-0.9089986116926833,-1.1190985186717999,0.9247452459552506,1.4923010120443787
SD,-0.7575933593957856,0.03055956594085591,0.6191815239715893,0.05279770801927846
CV,-0.06304107483681913,0.05749511248448247,0.004431039282156755,0.004355440809586174
