Metric,Bias Before Imputation,Bias After Imputation,MSE Before Imputation,MSE After Imputation
Mean,-1.2619764541419043,-1.8362536589424137,1.765293932402912,3.822816466827606
SD,-0.9735657743961199,0.22046104716652956,1.0227335492375762,0.15243119869792926
CV,-0.08038458847264109,0.13264247234170884,0.00719524350217461,0.01975909157141321
