Metric,Bias Before Imputation,Bias After Imputation,MSE Before Imputation,MSE After Imputation
Mean,-1.2619764541419043,-0.9029131585512054,1.765293932402912,1.0392707319564445
SD,-0.9735657743961199,-0.2665656233779303,1.0227335492375762,0.12827544643862213
CV,-0.08038458847264109,0.004855674062982074,0.00719524350217461,0.0012642176710841375
