Metric,Bias Before Imputation,Bias After Imputation,MSE Before Imputation,MSE After Imputation
Mean,-1.1765808468598888,-1.0734660978420805,1.5441912319253237,1.5412362479657709
SD,-0.8567653209806905,-0.26597208851470117,0.8823437741512449,0.16270858415950326
CV,-4.619567620046609,2.4696290853267895,0.28667957034921643,0.09951762749776162
