Metric,Bias Before Imputation,Bias After Imputation,MSE Before Imputation,MSE After Imputation
Mean,-1.2136830236646854,-0.2501648393849371,1.668397333653093,0.15464000457378377
SD,-0.8643198065511092,-0.2695050266764475,0.8850806687645537,0.17954308654546014
CV,-0.04296523407983355,-0.016289852822104108,0.0021361022123007364,0.0006201419855333688
