Metric,Bias Before Imputation,Bias After Imputation,MSE Before Imputation,MSE After Imputation
Mean,-1.6725285153518534,-0.7319360897573163,3.1050057168408687,1.1054824643463885
SD,-1.1282483884009273,-0.46023656608163777,1.5327956611775964,0.3884005027907989
CV,-0.05803447191296352,-0.01569316542783757,0.0049544723206979115,0.0007680651213389867
