Metric,Bias Before Imputation,Bias After Imputation,MSE Before Imputation,MSE After Imputation
Mean,-1.7364287131310507,-0.692791599842427,3.4078574102267525,0.9021387277990891
SD,-1.1442429443470432,-0.46217394539314516,1.567382615187734,0.3847860950591802
CV,-0.05350220006896202,-0.015598713679657776,0.00358315302950307,0.0009254775857671544
