Metric,Bias Before Imputation,Bias After Imputation,MSE Before Imputation,MSE After Imputation
Mean,-1.1765808468598888,-1.0734660978420805,1.5441912319253237,1.5412362479657709
SD,-0.8567653209806905,-0.26597208851470117,0.8823437741512449,0.16270858415950326
CV,-0.046195676200466086,0.024696290853267893,0.0028667957034921644,0.0009951762749776162
