Metric,Bias Before Imputation,Bias After Imputation,MSE Before Imputation,MSE After Imputation
Mean,-1.7364287131310507,-0.3699096724350786,3.4078574102267525,0.26633875682958014
SD,-1.1442429443470432,-0.4547301563655512,1.567382615187734,0.38642980383747716
CV,-0.05350220006896202,-0.03142898969178962,0.00358315302950307,0.0017889576752756725
