Metric,Bias Before Imputation,Bias After Imputation,MSE Before Imputation,MSE After Imputation
Mean,-1.2136830236646854,-0.10504771496732333,1.668397333653093,0.01676520766132977
SD,-0.8643198065511092,-0.14038334489659074,0.8850806687645537,0.0297156343329676
CV,-0.04296523407983355,-0.010158664254820657,0.0021361022123007364,0.00016647374039508087
