Metric,Bias Before Imputation,Bias After Imputation,MSE Before Imputation,MSE After Imputation
Mean,-1.7364287131310507,-1.8683961150674055,3.4078574102267525,4.2591524003837895
SD,-1.1442429443470432,-0.2075380709544223,1.567382615187734,0.20739714008028423
CV,-0.05350220006896202,0.08316882697991877,0.00358315302950307,0.007784332508311152
