Metric,Bias Before Imputation,Bias After Imputation,MSE Before Imputation,MSE After Imputation
Mean,-1.1699711348478883,-1.5449167476222694,1.5058474066309948,2.8199829328133594
SD,-0.9419423914738665,0.42558956845537443,0.9967082844381799,0.33311513967867246
CV,-0.08055158633128673,0.11233046657674976,0.00764370040198369,0.014095936714787349
