Metric,Bias Before Imputation,Bias After Imputation,MSE Before Imputation,MSE After Imputation
Mean,-1.1664745817518969,-1.5376434584206655,1.5015519332495821,2.7580271795427973
SD,-0.9035186030184648,0.5025375957062221,0.9246680049470205,0.3566694707033183
CV,-0.07457256219332238,0.12375083929470301,0.006355145585893611,0.017020093628549338
