Metric,Bias Before Imputation,Bias After Imputation,MSE Before Imputation,MSE After Imputation
Mean,-0.8540318452009954,-0.2933811196218377,0.801993853771404,0.1231439303132833
SD,-0.7081488076169038,-0.1779255524741306,0.5701221492493795,0.04605258428351253
CV,-0.059032711368941906,-0.011015432829335542,0.004110961190291428,0.00025563302760094254
