Metric,Bias Before Imputation,Bias After Imputation,MSE Before Imputation,MSE After Imputation
Mean,-1.1699711348478883,-0.20422736684335963,1.5058474066309948,0.06272105155315817
SD,-0.9419423914738665,-0.10135412148163159,0.9967082844381799,0.046320109666651836
CV,-0.08055158633128673,-0.0037135826838525176,0.00764370040198369,0.00026956035844449914
