Metric,Bias Before Imputation,Bias After Imputation,MSE Before Imputation,MSE After Imputation
Mean,-0.8518724920669438,-0.1372948106577395,0.793765855274805,0.030477946223994475
SD,-0.7345350825265184,-0.17666260562097807,0.611245652434544,0.060063340614538066
CV,-0.06319515731993999,-0.01715682297876382,0.004862322539093201,0.0006631572134512313
