Metric,Bias Before Imputation,Bias After Imputation,MSE Before Imputation,MSE After Imputation
Mean,-1.1664745817518969,-0.49889164175657275,1.5015519332495821,0.3500501052670932
SD,-0.9035186030184648,-0.021653628207120867,0.9246680049470205,0.06873015279009624
CV,-7.457256219332238,1.5348942649479331,0.6355145585893611,0.0991217176378709
