Metric,Bias Before Imputation,Bias After Imputation,MSE Before Imputation,MSE After Imputation
Mean,-0.8518724920669438,-0.8804647237246586,0.793765855274805,1.0547846087866708
SD,-0.7345350825265184,0.20744890658968645,0.611245652434544,0.13631516884820835
CV,-0.06319515731993999,0.051361196717759273,0.004862322539093201,0.004019120024136412
