Metric,Bias Before Imputation,Bias After Imputation,MSE Before Imputation,MSE After Imputation
Mean,-0.8518724920669438,-0.15406462094367085,0.793765855274805,0.05619280871723993
SD,-0.7345350825265184,0.045995896048230865,0.611245652434544,0.18466308062398257
CV,-0.06319515731993999,0.008413339004766712,0.004862322539093201,0.0020027143289268693
