Metric,Bias Before Imputation,Bias After Imputation,MSE Before Imputation,MSE After Imputation
Mean,-1.1664745817518969,-0.49889164175657275,1.5015519332495821,0.3500501052670932
SD,-0.9035186030184648,-0.021653628207120867,0.9246680049470205,0.06873015279009624
CV,-0.07457256219332238,0.01534894264947933,0.006355145585893611,0.000991217176378709
