Metric,Bias Before Imputation,Bias After Imputation,MSE Before Imputation,MSE After Imputation
Mean,-0.8540318452009954,-0.16881096586464342,0.801993853771404,0.045053690061531856
SD,-0.7081488076169038,-0.2003701753431085,0.5701221492493795,0.06392572265009737
CV,-0.059032711368941906,-0.018955367828101345,0.004110961190291428,0.0006488701717014421
