Metric,Bias Before Imputation,Bias After Imputation,MSE Before Imputation,MSE After Imputation
Mean,-1.7018680137703,-1.2104161958452704,3.0454039364797834,1.6863331148531204
SD,-1.1372801940790613,-0.5270736958795117,1.4322552103348847,0.39426471802198293
CV,-0.059938238845442415,-0.003645886133526638,0.005082114937082054,0.0012483998194361182
