Metric,Bias Before Imputation,Bias After Imputation,MSE Before Imputation,MSE After Imputation
Mean,-1.8715396304830123,-1.4144698749924485,3.753216061420405,2.381261498924881
SD,-1.288888033277171,-0.628783755099401,1.861181591106506,0.5876301999633345
CV,-0.06497645944899705,-0.0036442359334369553,0.006084430020802625,0.0018896783039360416
