Metric,Bias Before Imputation,Bias After Imputation,MSE Before Imputation,MSE After Imputation
Mean,-1.8715396304830123,-2.529488351916904,3.753216061420405,7.098800081087986
SD,-1.288888033277171,-0.15999493659689412,1.861181591106506,0.3731204659517236
CV,-0.06497645944899705,0.125398427775878,0.006084430020802625,0.01912147777575591
