Metric,Bias Before Imputation,Bias After Imputation,MSE Before Imputation,MSE After Imputation
Mean,-1.8715396304830123,-0.8552945303127424,3.753216061420405,0.9295253797362637
SD,-1.288888033277171,-0.6899516498208816,1.861181591106506,0.6441393862397068
CV,-0.06497645944899705,-0.03822381030431255,0.006084430020802625,0.002811240172648334
