Metric,Bias Before Imputation,Bias After Imputation,MSE Before Imputation,MSE After Imputation
Mean,-1.7018680137703,-2.244634108195887,3.0454039364797834,5.43014765990369
SD,-1.1372801940790613,-0.0475194354714776,1.4322552103348847,0.2694702079192307
CV,-0.059938238845442415,0.12028847640192422,0.005082114937082054,0.016945320558117583
