Metric,Bias Before Imputation,Bias After Imputation,MSE Before Imputation,MSE After Imputation
Mean,-1.2058423964692724,-1.3270258344587118,1.5265955590637919,1.973708359595375
SD,-0.8710324456398484,-0.13368562910659867,0.8419816937942213,0.16105499022404363
CV,-4.818949062599244,4.89589276014287,31.643735807092064,36.66502640857151
