Metric,Bias Before Imputation,Bias After Imputation,MSE Before Imputation,MSE After Imputation
Mean,-1.2058423964692724,-1.3270258344587118,1.5265955590637919,1.973708359595375
SD,-0.8710324456398484,-0.13368562910659867,0.8419816937942213,0.16105499022404363
CV,-0.04818949062599244,0.048958927601428705,0.003164373580709207,0.00366650264085715
