Metric,Bias Before Imputation,Bias After Imputation,MSE Before Imputation,MSE After Imputation
Mean,-1.7018680137703,-0.7227914711311865,3.0454039364797834,0.6663428902400257
SD,-1.1372801940790613,-0.5812721973832381,1.4322552103348847,0.42592093106620554
CV,-0.059938238845442415,-0.03414198935248499,0.005082114937082054,0.0019454365057517838
