Metric,Bias Before Imputation,Bias After Imputation,MSE Before Imputation,MSE After Imputation
Mean,-1.2058423964692724,-0.5944794867993627,1.5265955590637919,0.4406331609586228
SD,-0.8710324456398484,-0.41853214771432595,0.8419816937942213,0.24430261383726057
CV,-4.818949062599244,-2.0999010709196204,0.3164373580709207,0.10037092153292614
