Metric,Bias Before Imputation,Bias After Imputation,MSE Before Imputation,MSE After Imputation
Mean,-1.3638916240061143,-0.4046603113074171,2.020949477585537,0.2548664533834579
SD,-1.019757071063128,-0.41728997819979713,1.1913416698807198,0.2852277148184321
CV,-0.05428325475796605,-0.0276202554307795,0.004169128615096079,0.0015241596621103982
