Metric,Bias Before Imputation,Bias After Imputation,MSE Before Imputation,MSE After Imputation
Mean,-1.4334267148644975,-0.5425352211571088,2.321227245619376,0.4589277041812906
SD,-1.0610070565989917,-0.4190307464535687,1.2550927301490538,0.2927632411352294
CV,-0.07583301316302297,-0.027552311311265506,0.0068349420987742415,0.0017804629818111825
