Metric,Bias Before Imputation,Bias After Imputation,MSE Before Imputation,MSE After Imputation
Mean,-1.0362032648230894,-0.250032859029017,1.229012384587405,0.11001366033493896
SD,-0.8298126609624102,-0.26037051803128375,0.776411498980247,0.12608467356403183
CV,-0.06037695137413423,-0.020331921106032203,0.004320987352847767,0.0008858827567670822
