Metric,Bias Before Imputation,Bias After Imputation,MSE Before Imputation,MSE After Imputation
Mean,-1.4334267148644975,-2.021796411963994,2.321227245619376,4.697330488401713
SD,-1.0610070565989917,0.1123459557549682,1.2550927301490538,0.2114244601072758
CV,-0.07583301316302297,0.129754854801943,0.0068349420987742415,0.01934397019564207
