Metric,Bias Before Imputation,Bias After Imputation,MSE Before Imputation,MSE After Imputation
Mean,-1.3679271061322504,-0.48476805832310715,2.0350822289344306,0.3265470806932492
SD,-1.0033862497257224,-0.38132174649382,1.0989980686369765,0.2139911429103299
CV,-0.0737635167108573,-0.026092115837791117,0.006386180392153068,0.001261330472785337
