Metric,Bias Before Imputation,Bias After Imputation,MSE Before Imputation,MSE After Imputation
Mean,-1.0362032648230894,-0.5181319253762745,1.229012384587405,0.39434057873081313
SD,-0.8298126609624102,-0.3189641620479895,0.776411498980247,0.1771848802481086
CV,-0.06037695137413423,-0.016025535865079554,0.004320987352847767,0.0008707935951486675
