Metric,Bias Before Imputation,Bias After Imputation,MSE Before Imputation,MSE After Imputation
Mean,-1.0362032648230894,-1.2539576834456563,1.229012384587405,1.933936059739703
SD,-0.8298126609624102,-0.036035762530758804,0.776411498980247,0.10629529765262652
CV,-0.06037695137413423,0.05714171967406971,0.004320987352847767,0.0045922619502909426
