Metric,Bias Before Imputation,Bias After Imputation,MSE Before Imputation,MSE After Imputation
Mean,-0.9752614546519613,-0.21909922346260538,1.0302279015453863,0.0720332784165479
SD,-0.7740755194648415,-0.2388516358831442,0.6530512366959953,0.09177415005109808
CV,-0.058019354698788946,-0.01982134957460724,0.003919149178779318,0.0006947439783245036
