Metric,Bias Before Imputation,Bias After Imputation,MSE Before Imputation,MSE After Imputation
Mean,-1.4334267148644975,-1.0391781258157278,2.321227245619376,1.3972703405503137
SD,-1.0610070565989917,-0.3675335271137778,1.2550927301490538,0.2550156056837871
CV,-0.07583301316302297,0.0022056085904179896,0.0068349420987742415,0.001417111503617077
