Metric,Bias Before Imputation,Bias After Imputation,MSE Before Imputation,MSE After Imputation
Mean,-1.3679271061322504,-1.9207255575073323,2.0350822289344306,4.029317736263234
SD,-1.0033862497257224,0.16073485575475957,1.0989980686369765,0.18792837815688482
CV,-0.0737635167108573,0.12958566935278185,0.006386180392153068,0.018651559990266756
