Metric,Bias Before Imputation,Bias After Imputation,MSE Before Imputation,MSE After Imputation
Mean,-0.31007623540632545,-0.020693012731022715,0.11203150033091695,0.002646336191687391
SD,-0.27057049108778014,-0.022998898316877597,0.08937441701547476,0.0166721156194505
CV,-0.039806679734180096,-0.004862521449316417,0.0018319394968023882,0.0003222943062521403
